CustomerID,CustomerName,Email,Location,SignupDate
CUST100,Barbara Flynn,jlutz@yahoo.com,Sharonhaven,1/10/2023
CUST101,Susan Diaz,bmuellerroberts.com,Port Ericmouth,9/14/2023
CUST102,Terry Green,blakethompson@price-young.com,East Shawn,9/20/2024
CUST103,Kimberly Garza,julie20@yahoo.com,North Williamtown,12/2/2022
CUST104,David Turner,rangelshannon@hotmail.com,South Staceymouth,5/7/2023
CUST105,Nicole Ramirez,james53adams.info,Joshuamouth,6/4/2022
CUST106,Patrick Kelley,qwilliams@aguilar.com,Lake Amandaview,7/15/2024
CUST107,Robin Barnes,ureese@white-montgomery.com,Rogerfurt,9/3/2022
CUST108,Robin Beck,lori26@hotmail.com,Royland,1/27/2024
CUST109,Yolanda Smith,gramirez@yahoo.com,Villarrealchester,10/24/2022
CUST110,Reginald Ewing,aaron47@yahoo.com,Lake Josetown,4/14/2024
CUST111,  Daniel Fernandez,jrobinson@potter.net,Nealberg,11/26/2022
CUST112,Is abella Mccall,davischristopher@perkins.info,East Michelle,2/8/2025
CUST113,Shawn     Goodman,barnesholly@brown.com,North Taylor,12/23/2024
CUST114,Krist  ina Singleton,ksmith@yahoo.com,Port Cristianborough,6/15/2024
CUST115,Heather Day,melissa63@alexander.org,West Sara,10/25/2024
CUST116,Melinda Gibbs,ashleybrianna@ramirez.org,Saraport,11/1/2024
CUST117,Amanda Parker,michael56@hotmail.com,North Derek,10/17/2024
CUST118,Hannah Weber,tamara22@mahoney.com,Brandonhaven,12/3/2022
CUST119,Katie Wilkerson,jongallagher@jordan.com,Port Bradleybury,8/23/2022
CUST120,Shannon Greene,fcarpenter@hotmail.com,Port Thomas,8/30/2023
CUST121,Tanya Nelson,higginsanthony@carter.com,East Robert,9/17/2023
CUST122,Michael Kaiser,melissameyer@gmail.com,Kimtown,3/5/2025
CUST123,Erin Leonard,sallycervantes@mccoy-ingram.com,Johnsonstad,6/14/2024
CUST124,Michael Taylor,mollycochran@yahoo.com,Lake Gary,7/19/2024
CUST125,Lori Watson,kristina51@yahoo.com,New Kellyberg,2/11/2024
CUST126,Dr. Krista Lewis DDS,ywright@gmail.com,West Brittanybury,7/20/2024
CUST127,Marissa Morgan,vtanner@williams.biz,New Michaelfort,4/21/2025
CUST128,Meagan Padilla,jamesduncan@gmail.com,Port Justinport,10/15/2022
CUST129,Alexander Torres,dorozco@hudson.com,North Wayneview,8/28/2022
CUST130,Jesus Gordon,sglover@bell.org,Ericaborough,9/18/2023
CUST131,Timothy Wheeler,cherman@riley.com,North Carlaton,3/29/2023
CUST132,James Dodson,hollysandoval@garner.info,Christophertown,12/7/2023
CUST133,David Smith,loganhensley@mckinney.com,East Sabrina,9/23/2023
CUST134,Emily Weber,gmartin@gmail.com,West Anita,7/26/2023
CUST135,Travis Ritter,parrishjennifer@oliver-williams.net,Perkinsfort,10/1/2024
CUST136,Laura Johnson,ydouglas@gmail.com,Kylestad,5/5/2024
CUST137,Bradley Norton,deborahbraun@anderson.com,Port Anne,3/16/2023
CUST138,Karen Hudson,villavictoria@yahoo.com,New Kimberly,3/6/2024
CUST139,Jason Woodard,schmidtdebbie@lawrence.biz,New Rodneyfort,7/30/2022
CUST140,Molly Sandoval,martinezjohn@welch.net,North Emily,10/18/2024
CUST141,Kevin Phillips MD,chelsea94@oconnor-mueller.com,Morenoshire,4/28/2023
CUST142,Scott Warren,david30@garcia.com,West Sarah,10/18/2023
CUST143,Natalie Doyle,jessica90@hotmail.com,New Thomastown,10/20/2024
CUST144,Lee Acosta,faguirre@gmail.com,Vasquezside,9/8/2023
CUST145,Morgan Rodriguez,martinstacy@conner-armstrong.com,West Samanthaburgh,6/26/2023
CUST146,Mr. Joshua Owens,kaitlynpotter@yahoo.com,West Michelebury,2/4/2023
CUST147,Michael Long,qcline@gmail.com,Lake Michael,7/13/2023
CUST148,Matthew Ramirez,elliottjeffrey@yahoo.com,Andersontown,9/3/2024
CUST149,Ruben Gay,nscott@yahoo.com,Lake Natashahaven,1/30/2024
CUST150,Cheyenne Bell,joejames@thompson.com,East Kimberlyburgh,3/20/2023
CUST151,Kimberly Figueroa,michael85@cox-sims.biz,Donaldfurt,9/30/2022
CUST152,Lisa Taylor,carrillodenise@singleton.info,North Ricky,6/16/2022
CUST153,Susan Martinez,ferrellsamuel@gmail.com,Whitneychester,2/26/2025
CUST154,Christopher Taylor,christopher55@hernandez.com,Phyllisfort,4/1/2023
CUST155,David Brown,nwright@huerta-snyder.info,Aaronberg,5/8/2023
CUST156,Misty Santos,uedwards@russell.net,Mcfarlandburgh,6/6/2023
CUST157,Tammy Smith,elizabethallen@yahoo.com,Davidtown,5/10/2025
CUST158,Elizabeth White,kevin56@yahoo.com,Kennethshire,4/19/2025
CUST159,Kim Gibson,jasonrodgers@schaefer-kelley.com,Haleybury,7/9/2022
CUST160,Bryan Cohen,fraziersamuel@hotmail.com,East Amberstad,3/26/2023
CUST161,Theresa Collier,angela61@yahoo.com,Nicolestad,7/11/2023
CUST162,Rebecca Edwards,grossjulie@yahoo.com,West Alexisland,8/2/2022
CUST163,Kelsey Solomon,tanyadavis@williams.com,Corteztown,3/10/2023
CUST164,Brittany Daniels,basskeith@smith.com,Adamfort,12/9/2024
CUST165,Franklin Crawford,kristen96@gmail.com,Davidfurt,3/24/2024
CUST166,Lisa Sanchez,robinbaker@thomas.org,North Stephen,5/7/2023
CUST167,Latoya White,amy39@fry-nguyen.org,South Russell,7/24/2023
CUST168,Linda Massey,simssandra@gmail.com,Samanthaville,10/19/2024
CUST169,Cynthia Lawson,michellegarcia@hotmail.com,South Kathleen,3/12/2024
CUST170,Robin Duran,wbond@olson.net,Smithburgh,1/7/2023
CUST171,Zachary Banks,qquinn@holt.info,Rebeccaburgh,2/18/2023
CUST172,Latoya Hill,lindseykim@collins.com,New Ebonystad,7/31/2022
CUST173,Reginald Vasquez,harrisbrandon@yahoo.com,East Lindafurt,1/20/2024
CUST174,Pamela Hill,melissalong@fuller-rubio.com,Matabury,5/4/2025
CUST175,Lisa Wright,mooredawn@ortiz.com,East Andreaview,7/30/2022
CUST176,Anthony Johnson,michaelcross@gamble.com,West Brettport,10/4/2022
CUST177,Jessica Pope,adamreed@graham.com,Deckerfurt,6/26/2023
CUST178,Amy Mason,kelly39@hotmail.com,Garciaberg,3/15/2024
CUST179,Jeremy Hernandez,jasmine07@gallegos.com,Huffmanmouth,1/28/2025
CUST180,Victoria Daugherty,annamartinez@yahoo.com,Carterfort,9/21/2023
CUST181,Stephanie Simpson,forbesrachel@gmail.com,North Joe,1/23/2024
CUST182,Tyler Barrett,jacksonzachary@sanchez.com,Gregoryfurt,7/4/2024
CUST183,Cindy Hensley,morganbarry@moore.com,North Jessica,1/24/2024
CUST184,Cheryl Arellano,crawfordkatrina@clark-wheeler.com,New Brandonhaven,6/12/2022
CUST185,Donna Mcintosh,tyler11@hotmail.com,New Kimberly,7/15/2024
CUST186,Thomas Gray,ethan99@yahoo.com,New April,2/12/2025
CUST187,Steven Brown,maddenevelyn@gmail.com,South Frank,1/3/2025
CUST188,Elizabeth Alvarez,smithbenjamin@yahoo.com,Timothyton,7/1/2023
CUST189,Robert Strickland,cordovajames@pugh.org,Boonehaven,6/29/2024
CUST190,Suzanne Barnett,guerraphillip@harris.com,Priceview,3/23/2024
CUST191,Marissa Barnett,monique24@jacobs-li.com,Prestonshire,6/19/2023
CUST192,Jennifer Garcia,josephcannon@yahoo.com,North Sarahaven,3/23/2024
CUST193,Matthew Davis,kelly86@payne.biz,Port Cindy,11/16/2022
CUST194,Brian King,jacquelinewilliams@anderson.com,Rachelton,3/28/2025
CUST195, Scott    Lopez,uglover@hotmail.com,Edwardsbury,8/28/2024
CUST196,Kelly Freeman,karentorres@gmail.com,New Loriberg,5/21/2023
CUST197,Dustin Gill,mgilmore@frost-johnson.com,Hornchester,9/24/2022
CUST198,Yvonne Davis,williamsgeorge@cole-aguirre.com,North Taylorbury,11/3/2024
CUST199,Anita Ruiz,lawrencekim@parker.com,Tylermouth,9/22/2023
CUST200,Barbara Flynn,invalidemail.com,Sharonhaven,1/10/2023
CUST201,  john doe  ,bmueller@roberts.com,Port Ericmouth,9/14/2023
CUST202,Terry Green,,East Shawn,9/20/2024
